ID,age,driving.exp.years,kilometers.per.year,lifetime.kilometers,Jostoinenkuljettajak√§ytt√§ytyyvihamielisestimoniakohtaanm,Joidenkinihmistenluonnemuuttuukunheajavatautolla2,Josjokutekeevaarallisenvirheenliikenteess√§taiajaaholtittomas,Vihamielinenk√§ytt√§ytyminenliikenteess√§johtuup√§,Joskussuutunajaessaniniinpaljonett√§minunonyksinkertaisestipu,Poliisieikiinnit√§tarpeeksihuomiotavihamieliseenk√§ytt√,Mitensuhtaudutteautollaajamiseen,AV,OV,Errors,Lapses,visual.search.subtest3,drv.ot.mean,drv.ot.median,drv.ot.sd,driving.10.mean,driving.10.median,driving.10.std,driving.15.mean,driving.15.median,driving.15.std,driving.20.mean,driving.20.median,driving.20.std,no.driving.10.mean,no.driving.10.median,no.driving.10.std,no.driving.15.mean,no.driving.15.median,no.driving.15.std,no.driving.20.mean,no.driving.20.median,no.driving.20.std,driving.10NT.mean,driving.10NT.median,driving.10NT.std,driving.15NT.mean,driving.15NT.median,driving.15NT.std,driving.20NT.mean,driving.20NT.median,driving.20NT.std,no.driving.10NT.mean,no.driving.10NT.median,no.driving.10NT.std,no.driving.15NT.mean,no.driving.15NT.median,no.driving.15NT.std,no.driving.20NT.mean,no.driving.20NT.median,no.driving.20NT.std,drive1.glances,drive2.glances,drive3.glances,drive3.glances.minus11,drive4.glances,drive5.glances,drive6.glances,drive7.glances,drive8.glances,drive4.glances.minus11,drive5.glances.minus11,drive6.glances.minus16,drive7.glances.minus16,drive8.glances.minus16,DBQ,driving.10.total,driving.15.total,driving.20.total,no.driving.10.total,no.driving.15.total,no.driving.20.total,driving.10NT.total,driving.15NT.total,driving.20NT.total,no.driving.10NT.total,no.driving.15NT.total,no.driving.20NT.total,NT10.g.duration.mean,NT10.g.duration.mdn,NT10.g.duration.std,NT15.g.duration.mean,NT15.g.duration.mdn,NT15.g.duration.std,NT20.g.duration.mean,NT20.g.duration.mdn,NT20.g.duration.std,total.time.NT
P01,29,10,15000,120000,1,3,3,4,1,2,4,.333333333333333,.75,0,.625,48.1481481481481,1.87783157894737,1.23649999999999,1.78537456620625,3.8930999995,3.802000046,1.40304612136416,4.6489999529,4.116499901,3.20512172468598,5.9925000907,4.2840001585,4.9230860977712,2.3057000161,2.0520000455,1.16034414870085,2.8105999946,2.5185000895,1.43459931061135,4.4094000101,4.5469999315,1.65139620868314,6.34979999866667,6.361999989,1.65382779022031,5.41546665833333,5.398000002,.943153111225554,8.22899999613333,8.111999989,.829512068698569,3.12199994733333,3.000999928,.431084540467755,4.98526671726667,5.000999928,.865113070554059,6.372599999,6.375,1.2339969068091,50,39,41,30,40,53, ,50,69,29,42, ,34,53,1.70833333333333,38.93,46.48999953,59.92500091,23.05700016,28.10599995,44.0940001,95.24699998,81.23199988,123.4349999,46.82999921,74.77900076,95.58899999, , , ,1684.66,1624.5,1027.9372,1630.88406,1580,889.562757,99.9713332533333
P02,30,12,5500,200000,1,2,4,1,1,3,4,.666666666666667,.375,.625,.875,44.4444444444444,1.93353287671233,1.726,1.17126342018338,2.3592000246,2.146999955,.789615785138828,6.152199984,6.5354999305,2.20991562235439,5.0226999758,4.667500019,2.51239201346368,2.104399991,2.0349999665,.646597142271075,3.3612000229,2.741999984,1.92499846478035,4.6950000286,3.3740000725,2.98763389503452,4.379733324,4.501999855,.885442491390231,6.57820002233333,6.648000002,1.95707147013279,10.851133347,12.08399987,3.33763340969919,4.15240000086667,4.241000175,.847503874747146,7.50326665233333,7.734999895,2.14670221183164,7.14673331586667,7.473999977,1.48464352417055,62,57,26,15,38,38,54,67,84,27,27,38,51,68,2.54166666666667,23.59200025,61.52199984,50.22699976,21.04399991,33.61200023,46.95000029,65.69599986,98.67300034,162.7670002,62.28600001,112.5489998,107.2009997,1341.7963,1309.5,737.056983,1394.10448,1372,662.319916,1707.44048,1716,705.303734,109.045333466667
P03,27,9,5000,50000,2,4,3,1,1,3,4,0,1.625,.75,1.25,51.8518518518519,1.70212837837838,1.5418,.619734305756573,4.6203000067,3.9204999205,3.23244025408016,7.2114999535,4.713500023,6.10681059172536,8.3845000031,6.6744999885,5.31415343355309,2.3867000101,2.255500078,1.01688659995895,4.1254999399,3.8224998715,1.4631107919456,5.7812000041,4.9469999075,2.87234073200079,8.12980000226667,8.25,1.95582816590484,8.52200001093333,8.141000032,2.88389384586564,19.3817999831333,16.40699983,10.5624993485492,5.25679998406667,5.477999926,1.19263716523337,5.04166665073333,5.180999994,1.11461391890844,9.52253333733333,9.171999931,2.05468277249412,59,57,47,36,62,60,79,74,80,51,49,63,58,64,3.625,46.20300007,72.11499954,83.84500003,23.8670001,41.2549994,57.81200004,121.947,127.8300002,290.7269997,78.85199976,75.62499976,142.8380001,1344.16456,1311,656.100962,1486.18919,1432,790.105727,1645.15,1610,905.622188,180.167999966667
P04,20,2.4,15000,50000,1,5,3,2,3,5,5,.666666666666667,1.75,.625,1.75,50,1.80768441558442,1.4999,1.19266680396507,2.3633999823,2.4149999615,.93192305504667,6.4015000588,4.2855000495,5.04664413133806,4.8950999501,3.8439999815,2.55402798650323,2.0438999653,2.153499961,.461392228869043,4.4949000115,3.2545000315,3.34748127674666,4.522399974,3.595000029,2.2205835817825,4.22613334666667,3.963999987,.920837415413742,6.62719999946667,6.529999971,2.22610111840188,5.10413331986667,5.164000034,.989995169356809,5.4717333792,5.144000053,.977535095905818,4.68186666166667,4.601999998,.674004655900913,6.47026664426667,6.214999914,.911637952123324,38,37,25,14,48,39,52,57,49,37,28,36,41,33,4.79166666666667,23.63399982,64.01500059,48.9509995,20.43899965,44.94900012,45.22399974,63.3920002,99.40799999,76.5619998,82.07600069,70.22799993,97.05399966,1308.63462,1118.5,825.025229,1775.92982,1792,875.715725,1682.71429,1448,990.551277,79.78733333
P05,28,10,1000,10000,1,5,4,3,2,3,4,0,1.125,.5,.875,88.8888888888889,1.34645212765957,1.25805,.560952763757759,3.1650999545,2.808499932,1.24799617114348,3.8380000114,4.338000059,1.73805758899296,6.9520999672,7.5805000065,3.05264857959,2.221200013,2.2369999885,.484689989873254,3.3264999868,4.2035000325,1.67055794876296,3.20780000675,2.9974999425,1.46215800912437,4.20753332773333,4.265000105,1.15629036120453,9.1461999736,9.20299983,2.97421404977914,10.2930000304,10.98000002,2.52128724355556,3.1187333106,3.119999886,.431223907443983,4.95339999206667,5.112999916,1.15226780660244,7.63186666186667,7.970000029,1.41697967905149,95,91,44,33,63,68,71,126, ,52,57,55,110, ,2.5,31.65099955,38.38000011,69.52099967,22.21200013,33.26499987,64.15600014,63.11299992,137.1929996,154.3950005,46.78099966,74.30099988,114.4779999,846.408451,723,485.803269,899.126984,871,447.28602, , , ,118.233666673333
P06,20,3,350,1000,1,5,2,3,2,2,3,0,.875,.25,.875,37.037037037037,1.93985277777778,1.987,.95711189993974,2.5060000182,2.447000027,.884420688708221,2.9998000382,2.611000061,1.54740443562764,4.5358999968,5.172999978,1.9206001667886,1.6384000302,1.62800014,.327868234480211,2.8691000222,3.057000041,1.20304342382216,4.2422000169,4.48300004,1.38119003418503,4.9592000326,4.851999998,.863355378541462,6.326466624,6.332999945,1.55008408030792,7.92906668966667,8.020999908,1.29897652254654,3.36213335986667,3.342999935,.923101047253588,5.02573335966667,5.100000143,1.27856549228629,6.7898666858,6.901000023,1.67396106019572,79,67,30,19,30,39,67,63,81,19,28,51,47,65,2,25.06000018,29.99800038,45.35899997,16.3840003,28.69100022,42.42200017,74.38800049,94.89699936,118.9360003,50.4320004,75.3860004,101.8480003,1041.41791,1033,574.438676,1429.80952,1407,889.008906,1347.81481,1185,653.613267,96.0736667166667
P07,22,5,200,10000,1,5,2,1,1,4,5,0,.625,0,.125,96.2962962962963,2.833596,2.5695,1.20198941113201,2.6052000284,2.654499888,1.02169914217752,3.6305000066,3.5375000235,1.8025878201945,4.573200059,4.566000104,2.26553938160759,2.47536366618182,2.534000158,.921134083223619,3.6983999491,3.554499984,1.75333672985885,5.5066999909,5.4924999475,2.56891518332677,6.0282666524,5.986000061,1.58107271591382,4.99360003473333,4.986999989,.605023499857821,8.5380000112,8.88499999,1.75625199362835,3.56959997813333,3.302000046,.846415784552379,5.5259999752,5.150000095,1.74946030836836,5.90513332686667,5.921999931,1.15897762619084,38,30,35,24,41,45,69,59,90,30,34,53,43,74,.75,26.05200028,36.30500007,45.73200059,27.22900033,36.98399949,55.06699991,90.42399979,74.90400052,128.0700002,53.54399967,82.88999963,88.5769999,1343.3913,1151,730.534156,1178,909,749.221596,1372.277778,1210.5,863.14916,97.7993335033333
P08,19,.9,30000,70000,3,4,5,2,2,3,5,2,2.25,.375,1.25,62.962962962963,2.63848214285714,2.46765,.683755360851749,2.9381000042,2.6489999295,1.34985024070293,7.5923000337,7.1605000495,5.35995197161948,8.7325999745,7.1755000355,6.00593617809473,2.5485000132,2.593000054,.654052851523321,7.1229000094,4.3845000265,9.35961441167112,5.279099965,5.5919998885,2.59815493758654,5.12266666093333,5.227999926,.958233394328859,6.8698666414,6.340999842,1.20330656486897,11.0490666712,11.12899995,3.54753883995067,3.7713333608,3.988999844,.840026128815851,6.80073339173333,6.680000067,1.83886360643097,8.31573328926667,8.620000124,1.62836976313734,57,77,34,23,58,70,70,97,121,47,59,54,81,105,5.875,29.38100004,75.92300034,87.32599975,25.48500013,71.22900009,52.79099965,76.83999991,103.0479996,165.7360001,56.57000041,102.0110009,124.7359993,1122.52857,966.5,604.560464,987.247423,922,465.597489,966.793388,917,371.436197,115.20799987
P09,24,4,5000,25000,2,5,4,2,2,3,2,0,1.125,1,2.25,62.9629629629629,1.77155584415584,1.33750000000001,1.05456503199605,2.7259000781,1.8515000345,2.74203523211514,10.7698999647,9.6134999985,6.02211665497729,16.5971999889,10.0249999785,14.5651450306241,2.6621000528,2.525500059,1.06101170898819,6.9568000316,4.371999979,6.44975751532003,5.5567000144,4.689499974,4.64692880951892,5.33066665333333,5.217000008,1.75313204465905,7.44740002893333,6.875,2.90143687300234,16.7741333338,17.94400001,7.21944972134933,7.7334000274,8.186000109,2.87411609360413,5.96340001426667,6.187000036,1.11292244564752,8.2306000394,7.166000128,2.35847657251726,64,55,23,12,62,69,42,56,74,51,58,26,40,58,4.375,27.25900078,107.6989996,165.9719999,26.62100053,69.56800032,55.56700014,79.9599998,111.7110004,251.612,116.0010004,89.45100021,123.4590006,1979.2619,2033,1158.9982,2017.07143,1717.5,1193.76291,1857.43243,1647.5,1013.30098,147.761000066667
P10,24,5,4000,40000,1,3,2,1,1,3,4,0,1.125,.125,1.25,79.6296296296296,2.06996769230769,2.00199999999998,1.04048533884248,3.0524000168,2.9585000275,1.35046388484944,5.6885000471,5.0670000315,3.42534128496857,5.1868000272,3.6845000985,3.64556230178935,2.3434000493,2.2675001625,.502328589767447,5.6282000062,5.752999902,2.93264132008023,6.1250999928,4.489500046,5.59268625595549,4.62053338693333,4.435000181,1.1320266469216,6.7975999992,7.03399992,1.81420606172859,8.3579332824,8.430000067,1.19946187918944,4.32613337833333,4.161000013,.982055326334428,5.09426668486667,5.079999924,.740846684880205,6.7660000325,7.5519999265,2.53046991809061,45,48,28,17,37,36,55,68,66,26,25,39,52,50,2.5,30.52400017,56.88500047,51.86800027,23.43400049,56.28200006,61.25099993,69.3080008,101.964,125.3689992,64.89200068,76.41400027,108.2560005,1354.96364,1083,852.548466,1571.35294,1590,717.163042,1875.0303,1590,717.163042,98.8803333333333
P11,29,5.5,1000,5000,1,4,3,2,1,2,3,0,1.125,0,.875,50,2.70849038461538,2.5565,1.64412806526857,3.2213000058,3.3485000135,.963989255926367,6.2886000396,5.6815000775,4.77826673876765,6.8644999741,5.766499996,4.85390717786705,3.288599992,3.350500107,.910992537818447,5.8592999696,4.9769999985,3.71579080298723,7.0864999762,6.707999945,3.80251206530654,5.7145332972,5.474999905,1.40533561481564,8.51553335133333,7.784999847,2.79280810877534,10.6562000133333,10.63199997,1.76457016716245,4.4466666858,4.558000088,.849935428840199,5.17173331573333,5.507999897,1.49853143842751,8.59219999253333,8.625999928,2.71276262870487,58,45,33,22,39,49,67,96,87,28,38,51,80,71,2,32.21300006,62.8860004,68.64499974,32.88599992,58.5929997,70.86499976,85.71799946,127.7330003,159.8430002,66.70000029,77.57599974,128.8829999,1289.31343,1273,733.770652,1271.09375,1183,578.05793,1533.11494,1463,775.028258,124.43133332
P12,23,6,12500,55000,2,4,4,3,1,3,3,.333333333333333,.875,.375,.875,40.7407407407407,3.16112040816327,3.19770000000001,.775096989624414,1.9656000138,1.4835000035,.801077362315037,4.3044000149,4.5730000735,2.24591200591556,3.577499938,3.0434999465,1.95908991151356,1.874699998,2.0100001095,.478896414475344,5.0427999729,4.718500137,3.12295484834148,4.3495000123,3.3394999505,2.57725747282078,6.59613329566667,6.179000139,1.12507777923466,5.8522666772,5.539999962,1.28515811634492,8.4305333456,8.947000027,1.48397333470921,3.87033335373333,3.970000029,.89124230204239,4.60186665853333,4.977999926,1.32758230847245,9.0249333226,8.892999887,2.29779469401371,82,49,22,11,32,33,75,59,78,21,22,59,43,62,2.45833333333333,19.65600014,43.04400015,35.77499938,18.74699998,50.42799973,43.49500012,98.94199944,87.78400016,126.4580002,58.05500031,69.02799988,135.3739998,1215.3733,1199,476.310192,1459.77966,1465,657.674851,1569.74359,16785,607.46423,104.3946666
P13,25,4,2000,10000,2,4,4,2,2,1,4,0,1.75,.75,1.875,44.4444444444444,2.42811333333333,2.26155,.748139749355006,4.8339000226,3.7440000775,2.70360784337759,5.5748000386,5.6514999865,2.61671353365146,5.2703000308,5.1020001175,2.0699819541276,2.3978999615,2.195499897,.977395932491767,5.1088999747,4.5599999425,2.65392205937161,3.5839000226,3.0195000175,2.22882976932543,8.59113329286667,8.849999905,3.01162765545068,7.16273334826667,7.022000074,1.1649075624573,12.1210000048,11.40799999,3.78441862241039,4.42633325266667,4.325999975,.684660058903903,8.2377333644,8.479000092,2.72343584918129,7.59466668773333,7.694999933,.716746858779908,54,57,28,17,39,39,78,49,60,28,28,62,33,44,4.375,48.33900023,55.74800039,52.70300031,23.97899962,51.08899975,35.83900023,128.8669994,107.4410002,181.8150001,66.39499879,123.5660005,113.9200003,1707.85897,1808,878.329165,2274.22449,2490,1151.95045,2406.1,2494.5,1175.7803,139.374333233333
P14,32,14,2000,40000,1,5,4,1,1,3,3,.333333333333333,.5,.375,.875,62.9629629629629,1.81474266666667,1.3045,1.1737023748129,3.5536000491,3.611500025,1.23268943720355,7.7236999511,5.8140000105,7.11432768202264,5.8440999748,5.801999927,2.65149759457193,2.661800027,2.771000028,.559954286374447,4.5604000326,4.637500048,2.3389600230893,2.308799982,2.055999875,1.09758588521973,4.4534666698,4.163000107,1.29981807299927,6.54093335466667,6.117000103,1.88078211271547,9.4753333726,9.697999954,1.9267603259282,3.59853329666667,3.860999823,.915066590361057,5.07380000753333,5.429000139,1.55143287136697,6.40766666733333,6.376999855,.708205507636945,44,41,27,16,40,37,48,68,73,29,26,32,52,57,2.08333333333333,35.53600049,77.23699951,58.44099975,26.61800027,45.60400033,23.08799982,66.80200005,98.11400032,142.1300006,53.97799945,76.10700011,96.11500001,1337.4375,1375,653.148835,1128.11765,1072,529.69097,1336.72603,1353,598.552612,102.34866699
P15,25,7,6500,35000,2,4,3,2,1,2,3,0,1,1.125,1.25,40.7407407407407,2.06391323529412,2.0945,.593629023535243,4.2525999785,4.3169999125,1.62660308445723,6.0707999464,4.750499964,5.05117806296445,6.5136499881,6.13349998,2.84128679319201,3.8428500179,3.5590000155,1.99967751896865,3.964800024,3.8224999905,1.87593933517632,6.383699965,6.391499996,3.92749689955849,6.86453328053333,5.787999868,3.60340649238457,10.6394000375333,11.16000009,2.22213466986654,13.7960666335333,11.6329999,6.03488832921817,5.74546666143334,5.576500058,1.87778364261487,7.44306669246667,7.084000111,2.23694818283242,12.1239999926667,11.40299988,2.81761603203227,67,58,30,19,38,34,48,67,60,27,23,32,51,44,3.375,42.52599979,60.70799946,130.2729998,76.85700036,39.64800024,63.83699965,102.9679992,159.5910006,206.9409995,172.3639998,111.6460004,181.8599999,1674.10417,1581,826.835193,1559.47761,1546,762.923034,1878.76667,1902,819.196989,156.499999766667
P16,22,4, , ,2,5,4,2,3,4,4,1,1.375,.5,1.5, ,1.80549863013699,1.90000000000001,.567862326452153,2.8662000179,2.25,1.32272260809398,4.5319000004,5.141000032,1.99944538426365,5.5748999835,5.8450000285,2.10620992413348,2.6340500354,2.647500038,.657527456013473,4.9834999799,3.4529999495,5.37779629802517,4.7532999991,4.8664999005,2.40893927663903,6.6126666864,7.003999949,1.78828332186934,8.15640004486667,8.713999987,2.52368737570054,9.690533352,10.15899992,2.16234157764714,7.338266627,7.578999996,2.06652620342245,8.14226668673333,8.184000015,1.03999077539984,11.8508666664,11.99699998,2.1449195732315,48,56,21,10,25,29,50,54,54,14,18,34,38,38,4.375,28.66200018,45.319,55.74899984,52.68100071,49.8349998,47.53299999,99.1900003,122.3460007,145.3580003,110.0739994,122.1340003,177.763,2166.6,1983,1451.26812,2411.33333,1738.5,1867.54897,2702.51852,2248,2027.70925,122.298000433333
P17,24,5, , ,1,5,3,2,1,4,3,0,.625,0,.875,51.8518518518519,1.77055066666667,1.80300000000003,.660419410631411,3.7833000183,3.700999975,1.24663284165522,5.0422000403,4.251000047,2.87524740212075,5.9011999848,4.323500037,3.47660197202637,2.4701000213,2.1085000035,1.48448048736135,3.5200999976,3.1119999885,1.99322131242154,3.7693999529,3.71299994,1.7278346431795,5.96066670406667,5.886000156,1.88901384140697,9.7708000504,9.232000113,2.5126848135312,8.56306665673333,9.450000048,2.42596013358345,3.79139998753333,3.609999895,.595744050907749,5.29193332993333,5.003000021,1.05721841922521,7.8828000072,7.952000141,1.71013190866648,59,46,41,30,48,45,55,72,64,37,34,39,56,48,1.5,37.83300018,50.4220004,59.01199985,24.70100021,35.20099998,37.69399953,89.41000056,146.5620008,128.4459999,56.87099981,79.37899995,118.2420001,1459.03704,1475.5,729.256534,1617.40278,1678,738.081729,1694.73438,1700,1012.42751,121.472667086667
P18,31,13,7500,110000,1,2,2,4,1,2,4,.333333333333333,.625,.5,1.5,72.2222222222222,2.51424827586207,2.4764,.862134181611098,3.0263999702,2.931999922,.665183207001601,4.0632999422,3.030999899,2.93272910915222,5.8269999742,5.7714999915,2.38819601269429,2.78504999865,2.769999981,1.36152342091669,4.9084000108,3.925500035,3.87052291686823,8.0381999971,7.1659998895,4.0428204947384,7.8637333234,6.311999798,3.14212812560305,8.00146667166667,7.266000032,3.25697942033469,12.1537333645333,11.24199986,4.18539359435199,4.80979998893333,4.91899991,1.0358530055949,8.0715333298,8.398999929,2.56970727467305,14.9960666323333,13.74000001,5.95501464528771,37,22,19,8,16,14,41,27,44,5,3,25,11,28,2.95833333333333,30.2639997,40.63299942,58.26999974,55.70099997,49.08400011,80.38199997,117.9559999,120.0220001,182.3060005,72.14699983,121.0729999,224.9409995,3076.2439,2260,2509.97824,4860.777778,5767,3756.85838,3407.27273,2755,2506.82459,140.094666833333
P19,26,8.5,12500,100000,4,5,5,3,2,4,5,1.33333333333333,1.25,.25,.625,70.3703703703704,1.88410547945205,1.80100000000002,.592730228333827,2.7952000379,2.451500058,1.10640662351288,4.132300043,3.363000035,3.2538296765536,5.3661999942,4.276000142,3.17682054333087,1.2726000309,1.2869999405,.362032343774126,3.0978999851,3.0950000285,1.44531576479168,4.2295999762,2.976999879,2.70231507855529,6.80260003413333,7.090000153,2.32518005870839,7.82259998366667,8.197999954,2.64407333471697,9.69180005293333,10.27900004,2.36503570197739,3.7130666574,3.572999954,.614914248650165,6.45000003186667,7.163000107,1.8320237767321,8.04946667366667,6.993999958,2.51686708743341,50,54,34,23,36,48,68,73,86,25,37,52,57,70,3.45833333333333,27.95200038,41.32300043,53.66199994,12.72600031,30.97899985,42.29599976,102.0390005,117.3389998,145.3770008,55.69599986,96.75000048,120.7420001,1482.77941,1497,628.340051,1493.49315,1348,675.199603,1571.97674,1605,662.210274,121.585000366667
P20,22,4,3000,12000,2,4,3,2,2,2,3,.333333333333333,1.625,.625,1.25,48.1481481481481,2.47832372881356,2.48100000000002,1.03782609322182,3.2939000129,3.350000024,1.19615885725972,4.1921000004,3.9135000705,1.903597263504,5.5877999781,5.766499996,2.0663493838796,3.0273999929,2.8734999895,1.25428898176895,4.4722999811,4.3169999125,1.96156700251354,5.2800000195,5.4744999405,2.67319132952187,4.35286663373333,4.193000078,.856106382426851,6.01406668026667,5.95600009,1.1372468898653,9.20753331253334,8.762000084,1.73222432973161,4.4445333004,4.394999981,.495340449246374,7.11213332826667,7.500999928,1.96619954689257,7.40559999126667,7.565000057,1.60021869655068,59,56,20,9,26,29,44,57,74,15,18,28,41,58,3.83333333333333,32.93900013,41.921,55.87799978,30.27399993,44.72299981,52.8000002,65.29299951,90.2110002,138.1129997,66.66799951,106.6819999,111.0839999,1497.95455,1268.5,979.662019,1369.57895,1486,818.922745,1561.04054,1450,872.193479,97.8723331366667
P21,22,3,1000,100000,1,4,4,3,1,1,2,0,1.625,.75,1.75,31.4814814814815,1.82527922077922,1.749,.85472485667329,2.7797999621,2.7394999265,.702716906096018,3.7197000743,3.325000167,1.85021273669147,4.9944000244,4.67900002,1.81838102998461,2.162700057,2.0640000105,.768708429872982,2.8013000013,2.302000046,1.36044720047491,2.6607999801,2.34950006,1.06945516375377,4.84673333166667,4.756000042,1.29447456985461,5.922666661,5.95600009,.994326170634257,11.4555999757333,11.78800011,3.44590992417385,4.1599333446,4.014000177,.955384629479963,4.88733331366667,4.938999891,.984133233526701,7.65533331226667,7.618999958,1.2796490325443,54,46,21,10,26,31,42,41,62,15,20,26,25,46,4.125,27.7979996,37.19700074,49.94400024,21.62700057,28.01300001,26.6079998,72.70099998,88.83999992,171.8339996,62.39900017,73.30999971,114.8299997,1977.02381,1858,1053.33323,2216.4878,2146,1202.56713,2050.85484,1807.5,1224.39256,111.124999833333
P22,21,3,3000,25000,2,5,4,2,1,4,2,0,1.75,1.125,2.875,40.7407407407407,1.53745581395349,.991900000000001,1.15064350390703,3.3208000423,3.1730000975,1.28084545729926,7.8640999559,6.6039999725,7.52042655356531,4.8943999532,3.892500043,3.10383912834127,2.0363000394,1.878500104,.330212111814629,6.3967000252,5.868999958,4.28446098261343,4.4789000272,5.171000004,1.543256745621,5.72333332693333,5.528000116,1.50507763287127,8.4174666722,8.709000111,3.21982938815492,10.9650000099333,10.42199993,2.25057064472709,6.67733332313333,6.792000055,1.50081189617856,5.14786663053333,5.511999846,1.38415130508278,6.51446673073333,6.512000084,1.4859872542264,45,56,31,20,47,39,51,68,74,36,28,35,52,58,5.75,33.20800042,78.64099956,48.94399953,20.36300039,63.96700025,44.78900027,85.8499999,126.2620001,164.4750001,100.1599998,77.21799946,97.71700096,1712.35294,1617,872.162939,1732.14706,1770.5,821.299321,1687.32432,1775,733.024437,125.529000033333
P23,24,6,1500,15000,1,4,3,2,1,3,5,0,.25,0,.25,64.8148148148148,2.2079875,2.1456,.669993861971409,4.4129999637,4.09649992,2.05893299783332,7.8969999787,5.3619999885,9.2636850226494,7.0900000097,5.9045000075,4.91345637180658,2.1762000083,1.827000022,1.03871060331799,3.7766000271,3.8625000715,1.82124862521577,6.7536000014,6.7419999835,3.40608757715723,6.07720001546667,5.871000051,1.50572785002809,12.8357333174667,12.60800004,3.68598716277674,9.94953331853333,9.814999819,2.11841452008576,3.9900666714,3.929000139,.42551559412233,6.9291333354,6.877000093,1.52338712112632,13.170733326,13.36199999,2.28014817236506,63,64,49,38,58,60,62,80,86,47,49,46,64,70,.5,44.12999964,78.96999979,70.9000001,21.76200008,37.76600027,67.53600001,91.15800023,192.5359998,149.2429998,59.85100007,103.937,197.5609999,1378.56452,1409.5,705.810048,1468.5625,1444,707.088877,1367.94186,1292,647.321274,144.312333276667
P24,23,6,1000,20000,2,4,3,2,1,1,4,.333333333333333,.875,.5,1.625,74.0740740740741,2.2232140625,2.21765,.872247986411609,2.3496000052,2.143999934,.984953535047194,5.1376999611,4.697999954,4.00842853338965,8.8010999919,6.1464999915,7.47693418524894,2.6480000257,2.604500055,.859010929289939,5.4076999901,4.6404999495,3.58254367554809,6.740299988,4.9789999725,5.41985051493307,10.1817333542,9.911999941,2.79698724908099,9.1769999984,8.828999996,1.33746889940702,13.6676000762,13.375,3.58419720966668,5.25960001946667,5.55700016,1.02911746036779,9.72426667213333,9.717000008,1.32659845920486,18.2313332394667,18.24000001,6.8983315716102,82,74,24,13,35,52,86,68,81,24,41,70,52,65,3.33333333333333,23.49600005,51.37699961,88.01099992,26.48000026,54.0769999,67.40299988,152.7260003,137.655,205.0140011,78.89400029,145.8640001,273.4699986,1464.96512,1487.5,711.494441,1877.45588,1917.5,853.39703,1751.01235,1775,702.368929,165.131667133333
P25,27,8,10000,100000,2,4,3,1,1,3,4,.333333333333333,1.625,.5,1.75,79.6296296296296,1.95311527777778,1.88785,.697615878336325,4.1572999716,4.4164999725,2.05430492797671,7.7473000287,6.361500144,5.5213153780361,10.4888999706,10.06799996,4.4533152403827,2.5135000231,2.429499984,.790314232145886,5.5431999678,3.880999923,3.78918600811947,4.127000022,4.15899992,1.76708697716427,12.7520667068667,12.74300003,4.98057100386082,9.21813329066667,9.25999999,2.52713549195477,13.9935999872667,14.38899994,4.26654873100085,7.50593333246667,8.210000038,1.71941569565511,13.1320666620667,13.9519999,4.55522740898176,12.1697333658,12.98699999,2.68819571056436,50,59,37,26,38,52,76,59,65,27,41,60,43,49,4.20833333333333,41.57299972,77.47300029,104.8889997,25.13500023,55.43199968,41.27000022,191.2810006,138.2719994,209.9039998,112.589,196.9809999,182.5460005,2089.44737,2132,1128.88773,2031.38983,2073,1073.26334,2014.35385,2115,967.654161,179.818999933333
P26,26,8, ,17500,1,5,3,1,2,4,3,1,.875,.25,1.25,100,2.29405081967213,1.81999999999999,1.44962220326803,2.5311999797,2.000500083,1.35473153649337,4.309599996,3.7274999615,2.78685324911749,4.9722000123,4.2695000175,2.49651447332674,2.2058999539,2.236999989,.592984486961586,4.1579999921,3.421499968,2.4176246682528,5.5970000031,3.898000002,5.07971981655065,7.03939998933333,6.855999947,1.90261585607064,9.63380002953333,10.18700004,3.16261714057886,12.2341999852667,11.34700012,5.95017046976991,4.383066686,4.065000057,.903057500672928,5.981799984,6.095999956,1.67238739705531,7.93033332866667,8.308000088,1.86280296626682,41,42,26,15,34,36,69,69,72,23,25,53,53,56,3.375,25.3119998,43.09599996,49.72200012,22.05899954,41.57999992,55.97000003,105.5909998,144.5070004,183.5129998,65.74600029,89.72699976,118.9549999,1308.85507,1253,753.717322,1448.44928,1379,789.770137,1486.11111,1528.5,660.290644,144.537
P27,42,24,19500,400000,1,5,2,1,1,5,5,.333333333333333,1.625,1.625,2.125,140.740740740741,2.5712224137931,2.2745,1.11096728393776,3.6715000393,3.7985000615,1.4753990362546,11.3168999899,8.433999896,7.94367989573218,6.3514999148,5.9564999345,2.99663815060933,2.655799985,2.3565000295,1.09966072252896,4.4455999851,4.729499936,1.82689017493599,6.2843999864,5.9185000655,2.44429137292102,6.77819997473333,6.396999836,2.54426724319717,8.56406666453333,7.64199996,3.34854402893157,15.3806666848,13.49000001,8.28059289355053,4.847599999,4.996000051,.99941830690422,6.2350000064,6.722000122,1.42938917087501,8.9055333462,9.256000042,1.9200577203698,53,39,30,19,64,42,44,55,55,53,31,28,39,39,5.70833333333333,36.71500039,113.1689999,63.51499915,26.55799985,44.45599985,62.84399986,101.6729996,128.461,230.7100003,72.71399999,93.5250001,133.5830002,1882.25,1663.5,1342.87458,1923.87273,2140,1043.81324,1844.07273,1588,1016.37897,153.614666633333
P28,20,2.9,1000,10000,2,4,5,1,1,4,4,0,.5,0,.25,88.8888888888889,2.79657058823529,2.6317,1.10353721011919,2.7680999995,2.672500014,1.16207682766027,5.2400999785,4.3544999365,3.58326855012839,6.9685999396,6.601999879,2.91559919994686,2.427399993,2.0920000075,1.01842944578263,4.6586000205,3.69599998,3.96251481356354,5.2423000334,4.2280000445,3.89485973841692,4.9598666668,4.851999998,.728311355799353,8.1340666608,8.368000031,2.28140262306564,8.9556000226,8.728999853,1.95020265184001,5.63533333146667,5.468000174,1.67814313521472,5.52193330133333,5.677000046,.986681553039756,7.5090666612,7.313999891,1.30105028756063,14,15,21,10,29,44,43,62,69,18,33,27,46,53,.75,55.36199999,52.40099979,69.6859994,24.27399993,46.58600021,52.42300033,74.398,122.0109999,134.3340003,84.52999997,82.82899952,112.6359999,1916.30233,1705,1404.12448,1830.17742,1739,961.878107,1822.73913,1600,1183.29119,110.247666733333
P29,20,2.5,1500,5000,2,4,3,1,1,4,1,0,1.25,.125,1.25,103.703703703704,1.801696,1.75399999999999,.595473102040769,5.0224000215,4.48300004,1.71311545742033,6.2731999867,5.0579999685,4.19654460482292,10.3190000307,10.6999999305,5.80925309470438,3.2820999862,3.091499925,1.60607964749648,4.2880000114,3.812000036,2.27821557173192,6.4731000184,5.948000073,3.23313513818844,8.10166668953333,7.434999943,3.31327012368769,13.2793999980667,11.704,5.3598677784075,12.5017333183333,12.01900005,2.91629652906911,6.062133328,6.03000021,1.37789646920532,7.63426661466667,7.590999842,2.04479234364788,13.4393333759333,12.85299993,3.69659946962029,72,57,42,31,52,63,74,82,87,41,52,58,66,71,2.625,50.22400022,62.73199987,103.1900003,32.82099986,42.88000011,64.73100018,121.5250003,199.191,187.5259998,90.93199992,114.5139992,201.5900006,1319.28378,1100,833.990301,1608.68293,12744.5,1411.26115,1429.67816,1446,653.583103,169.414000033333
P30,26,8,100,100000,1,2,3,1,1,1,3,0,.875,.25,.75,46.2962962962963,1.56352564102564,1.40300000000001,.942839748463147,2.5893999816,2.131500006,1.43431010193136,3.6047999622,3.6549999715,1.35975745074255,6.0798000101,4.777999997,3.30041626729647,2.0278000355,2.032500029,.515694566129782,3.0528999806,2.878000021,1.43054664646317,4.9103000401,4.071500063,2.44235719485517,6.7288000106,6.433000088,1.24662812418372,6.88213338853333,6.75999999,1.51967490620204,10.1845333256,11.1099999,3.37425881131502,3.65953331,3.493000031,.753949298883878,5.04599998786667,4.914000034,1.05112555531631,7.132066647,6.710999966,2.53195470767515,61,53,27,16,31,42,65,64,70,20,31,49,48,54,1.875,25.89399982,36.04799962,60.7980001,20.27800036,30.52899981,49.1030004,100.9320002,103.2320008,152.7679999,54.89299965,75.68999982,106.9809997,1276.36923,1235,608.921012,1389.25,1411.5,713.469791,1311.52857,1265,515.718711,118.977333633333
